gene_id,cluster
FBgn0033353,4
FBgn0040609,0
FBgn0039324,3
FBgn0033927,1
FBgn0010042,2
FBgn0028532,0
FBgn0000277,3
FBgn0052447,4
FBgn0000052,3
FBgn0022700,0
FBgn0041579,1
FBgn0053542,2
FBgn0034329,1
FBgn0032839,0
FBgn0040729,4
FBgn0036419,0
FBgn0261675,0
FBgn0032285,1
FBgn0035476,0
FBgn0040735,3
FBgn0033659,0
FBgn0033926,1
FBgn0005670,4
FBgn0031654,4
FBgn0083936,1
FBgn0261989,1
FBgn0029765,3
FBgn0033294,3
FBgn0263081,0
FBgn0039611,0
FBgn0034784,2
FBgn0085358,0
FBgn0015570,0
FBgn0041194,3
FBgn0030098,3
FBgn0040099,3
FBgn0036833,3
FBgn0259229,4
FBgn0038172,3
FBgn0261632,2
FBgn0038135,0
FBgn0003068,0
FBgn0033327,4
FBgn0035679,3
FBgn0262357,0
FBgn0263336,0
FBgn0037973,3
FBgn0031055,0
FBgn0259817,2
FBgn0262881,4
FBgn0261930,4
FBgn0013278,0
FBgn0085227,0
FBgn0261859,3
FBgn0035806,3
FBgn0001089,0
FBgn0039319,0
FBgn0033366,0
FBgn0036320,4
FBgn0032282,4
FBgn0044810,3
FBgn0031925,0
FBgn0038098,0
FBgn0037635,0
FBgn0039769,0
FBgn0033936,0
FBgn0035666,3
FBgn0032639,2
FBgn0040104,4
FBgn0262838,0
FBgn0031860,0
FBgn0037697,0
FBgn0051463,4
FBgn0067905,3
FBgn0033301,0
FBgn0032049,1
FBgn0032066,4
FBgn0283427,1
FBgn0052284,4
FBgn0039091,4
FBgn0041184,0
FBgn0051148,0
FBgn0035673,3
FBgn0262150,0
FBgn0036587,4
FBgn0053509,4
FBgn0013277,0
FBgn0265577,0
FBgn0034647,0
FBgn0035619,0
FBgn0020506,0
FBgn0054054,0
FBgn0267513,2
FBgn0033453,0
FBgn0036876,3
FBgn0024289,1
FBgn0031490,4
FBgn0043791,4
FBgn0039299,4
FBgn0033733,3
FBgn0039613,4
FBgn0066365,2
FBgn0030157,3
FBgn0039325,3
FBgn0038463,3
FBgn0053117,2
FBgn0004426,4
FBgn0014396,1
FBgn0033978,3
FBgn0031032,2
FBgn0039666,0
FBgn0032835,1
FBgn0035620,0
FBgn0000964,4
FBgn0031033,4
FBgn0083970,0
FBgn0263090,0
FBgn0038838,2
FBgn0030925,0
FBgn0013279,0
FBgn0052302,2
FBgn0028534,1
FBgn0035176,3
FBgn0036948,4
FBgn0015586,1
FBgn0040211,0
FBgn0085813,1
FBgn0034276,0
FBgn0052283,2
FBgn0038082,4
FBgn0050098,4
FBgn0039759,4
FBgn0262366,4
FBgn0034247,1
FBgn0028646,1
FBgn0036951,2
FBgn0262007,3
FBgn0028855,2
FBgn0032387,0
FBgn0033216,2
FBgn0035412,2
FBgn0039241,3
FBgn0051089,2
FBgn0039474,0
FBgn0033153,0
FBgn0040582,1
FBgn0034117,3
FBgn0031929,0
FBgn0031471,2
FBgn0028920,1
FBgn0038717,0
FBgn0051354,0
FBgn0261925,2
FBgn0031940,4
FBgn0051104,3
FBgn0029828,3
FBgn0053532,4
FBgn0036262,1
FBgn0050489,3
FBgn0040251,2
FBgn0030326,4
FBgn0034887,0
FBgn0033792,0
FBgn0031389,4
FBgn0051004,3
FBgn0035743,4
FBgn0016694,1
FBgn0029990,1
FBgn0038790,3
FBgn0020509,1
FBgn0051778,0
FBgn0267755,4
FBgn0264541,0
FBgn0259711,0
FBgn0003961,1
FBgn0036208,0
FBgn0033593,3
FBgn0039073,4
FBgn0031560,3
FBgn0010041,3
FBgn0019928,0
FBgn0035076,3
FBgn0034331,1
FBgn0042105,0
FBgn0035667,0
FBgn0034618,3
FBgn0020906,0
FBgn0030331,4
FBgn0038257,1
FBgn0030148,0
FBgn0035734,0
FBgn0038973,3
FBgn0032069,3
FBgn0259237,0
FBgn0043578,1
FBgn0000278,4
FBgn0283462,1
FBgn0053306,0
FBgn0264987,2
FBgn0039316,0
FBgn0014859,4
FBgn0013275,3
FBgn0004414,1
FBgn0032087,3
FBgn0034010,4
FBgn0034187,2
FBgn0035356,3
FBgn0036024,0
FBgn0260746,3
FBgn0028533,1
FBgn0035977,4
FBgn0044812,1
FBgn0040349,3
FBgn0034741,0
FBgn0261853,1
FBgn0261504,0
FBgn0002563,3
FBgn0260954,4
FBgn0002570,1
FBgn0029766,3
FBgn0038718,3
FBgn0061356,3
FBgn0033820,1
FBgn0087002,1
FBgn0043471,3
FBgn0039817,0
FBgn0037562,4
FBgn0036738,3
FBgn0032283,0
FBgn0267514,4
FBgn0042086,3
FBgn0032638,0
FBgn0267508,1
FBgn0038733,3
FBgn0033246,1
FBgn0016076,3
FBgn0053965,4
FBgn0032726,3
FBgn0265186,0
FBgn0043783,1
FBgn0002562,4
FBgn0029823,3
FBgn0038292,0
FBgn0010388,1
FBgn0028537,4
FBgn0051087,0
FBgn0012042,1
FBgn0020385,1
FBgn0031373,0
FBgn0031942,4
FBgn0035886,2
FBgn0010052,4
FBgn0051901,3
FBgn0031317,0
FBgn0050160,3
FBgn0039452,3
FBgn0038451,0
FBgn0267607,2
FBgn0034394,1
FBgn0040001,1
FBgn0053468,4
FBgn0033723,4
FBgn0016075,3
FBgn0004431,4
FBgn0267519,1
FBgn0031461,0
FBgn0032281,4
FBgn0051091,4
FBgn0039342,1
FBgn0053503,3
FBgn0038449,3
FBgn0030607,0
FBgn0014865,1
FBgn0083972,0
FBgn0031432,3
FBgn0010222,3
FBgn0037906,3
FBgn0000003,0
FBgn0039151,3
FBgn0051664,4
FBgn0036619,4
FBgn0038236,3
FBgn0038095,2
FBgn0030928,4
FBgn0259973,0
FBgn0000053,3
FBgn0037870,4
FBgn0052054,0
FBgn0028514,2
FBgn0034885,1
FBgn0034511,1
FBgn0010385,0
FBgn0038530,0
FBgn0031277,3
FBgn0053301,0
FBgn0050287,2
FBgn0033789,3
FBgn0032382,3
FBgn0034407,1
FBgn0034328,3
FBgn0033027,4
FBgn0270926,0
FBgn0262531,4
FBgn0035300,0
FBgn0051041,2
FBgn0052751,2
FBgn0263199,1
FBgn0038214,4
FBgn0037724,3
FBgn0031470,2
FBgn0026721,3
FBgn0013680,3
FBgn0029831,3
FBgn0040734,3
FBgn0039873,3
FBgn0039768,0
FBgn0032266,0
FBgn0034296,1
FBgn0032144,1
FBgn0033296,1
FBgn0052072,3
FBgn0020513,1
FBgn0031034,0
FBgn0034382,3
FBgn0039313,1
FBgn0033788,1
FBgn0034289,3
FBgn0032669,3
FBgn0002571,3
FBgn0041182,1
FBgn0263080,4
FBgn0033234,0
FBgn0043576,4
FBgn0266405,3
FBgn0031562,3
FBgn0035929,4
FBgn0038719,3
FBgn0031973,0
FBgn0027578,3
FBgn0053470,1
FBgn0261805,4
FBgn0031701,1
FBgn0039475,0
FBgn0025680,3
FBgn0038865,3
FBgn0032067,2
FBgn0032253,0
FBgn0034429,2
FBgn0039203,3
FBgn0038914,0
FBgn0053346,3
FBgn0026755,0
FBgn0028841,4
FBgn0039476,4
FBgn0034295,1
FBgn0013276,3
FBgn0030911,2
FBgn0023495,2
FBgn0085771,1
FBgn0028945,4
FBgn0053337,2
FBgn0052185,0
FBgn0265922,2
FBgn0030993,0
FBgn0036023,4
FBgn0036767,0
FBgn0052368,0
FBgn0031418,1
FBgn0036831,4
FBgn0039593,4
FBgn0034664,3
FBgn0033297,1
FBgn0038701,3
FBgn0040653,1
FBgn0036030,1
FBgn0041581,1
FBgn0023197,1
FBgn0000279,0
FBgn0053510,2
FBgn0030981,0
FBgn0264775,4
FBgn0032002,4
FBgn0029932,3
FBgn0032381,0
FBgn0046689,4
FBgn0051106,3
FBgn0031689,3
FBgn0038702,1
FBgn0040736,1
FBgn0259164,4
FBgn0038290,4
FBgn0283461,1
FBgn0085256,0
FBgn0035968,3
FBgn0037974,3
FBgn0034317,4
FBgn0000276,3
FBgn0040775,0
FBgn0050360,1
FBgn0038160,4
FBgn0259682,3
FBgn0039471,1
FBgn0085265,4
FBgn0037387,1
FBgn0012034,1
FBgn0037386,3
FBgn0036449,3
FBgn0034663,1
FBgn0036363,2
FBgn0033271,3
FBgn0027579,1
FBgn0037396,0
FBgn0033774,1
FBgn0001114,1
FBgn0034761,3
FBgn0031412,2
FBgn0052279,2
FBgn0085753,1
FBgn0037782,0
FBgn0283480,3
FBgn0030001,2
FBgn0027584,1
FBgn0013683,4
FBgn0014018,1
FBgn0053511,4
FBgn0052107,4
FBgn0259140,4
FBgn0040096,2
FBgn0038299,3
FBgn0034480,3
FBgn0010038,0
FBgn0267511,1
FBgn0003358,3
FBgn0036992,1
FBgn0035978,1
FBgn0000406,1
FBgn0053926,0
FBgn0262146,0
FBgn0039239,2
FBgn0267515,3
FBgn0002939,0
FBgn0015316,4
FBgn0037801,0
FBgn0033203,4
FBgn0002569,3
FBgn0041183,2
FBgn0038450,3
FBgn0041105,2
FBgn0267520,3
FBgn0010044,4
FBgn0028519,2
FBgn0053533,3
FBgn0063493,0
FBgn0036780,4
FBgn0039472,0
FBgn0030929,3
FBgn0035445,4
FBgn0034318,0
FBgn0085195,1
FBgn0050042,0
FBgn0038840,3
FBgn0261567,2
FBgn0037684,3
FBgn0031428,0
FBgn0020908,1
FBgn0027657,3
FBgn0014031,3
FBgn0050026,3
FBgn0028396,1
FBgn0002565,0
FBgn0002719,1
FBgn0053192,0
FBgn0035355,0
FBgn0039685,3
FBgn0025583,1
FBgn0063492,0
FBgn0032068,0
FBgn0010040,2
FBgn0262721,4
FBgn0054040,0
FBgn0029172,2
FBgn0004240,1
FBgn0005660,4
FBgn0261575,1
FBgn0003719,4
FBgn0032076,3
FBgn0039323,4
FBgn0005664,0
FBgn0050091,2
FBgn0033439,4
FBgn0034294,4
FBgn0035360,0
FBgn0085819,1
FBgn0050090,4
FBgn0035189,3
FBgn0039298,1
FBgn0034160,4
FBgn0085520,0
FBgn0054026,3
FBgn0259896,4
