gene_id,variance,mean_expr,n_samples
FBgn0039666,11.280490927977379,4.829330988511845,41
FBgn0031701,8.72990785855013,7.861566384256436,41
FBgn0044812,6.372249504476786,8.633226593379359,41
FBgn0040104,6.258345584785915,3.1366412819409084,41
FBgn0028396,5.0629624871001955,9.698764167190632,41
FBgn0037396,4.64689099878518,5.206379616777096,41
FBgn0262531,4.332435930692784,2.8087905473855783,41
FBgn0044810,4.184020825223666,6.621296229784338,41
FBgn0032638,3.8627183101444524,3.693586945055691,41
FBgn0052185,3.779996388657499,5.212270879588042,41
FBgn0050098,3.7012039460020874,2.7126708529884214,41
FBgn0004240,3.0968448587724313,8.741403691971449,41
FBgn0034317,3.0050927339336493,3.2568561976670187,41
FBgn0033353,2.9663986129840003,2.652679276723263,41
FBgn0004431,2.85921176775966,2.080578543317678,41
FBgn0002562,2.8316124773378144,2.038739376542993,41
FBgn0265577,2.811835421793653,4.048123283203706,41
FBgn0041579,2.7842402615030233,9.313060865267861,41
FBgn0012042,2.7285469451407707,7.953911199610114,41
FBgn0034328,2.6383484235307364,6.731696107560817,41
FBgn0000279,2.56871070575461,4.010452114381542,41
FBgn0264541,2.5551459418030684,4.478615645650319,41
FBgn0014865,2.4459722537047055,8.117405687931441,41
FBgn0050287,2.4041749611314347,1.7024978523268028,41
FBgn0038530,2.376826693503899,3.8498931745139657,41
FBgn0010388,2.3762093637541026,8.817842222792994,41
FBgn0034407,2.3510677522631633,8.743616742239505,41
FBgn0041581,2.3284998443094596,8.23329474706208,41
FBgn0032068,2.225472998470919,4.461677893644375,41
FBgn0032066,2.1848755295838926,3.469771558187049,41
FBgn0031654,2.1343005031754307,3.0266639800897117,41
FBgn0032069,2.0503342552151294,5.557746721995716,41
FBgn0266405,2.042495007001406,6.577564893175498,41
FBgn0000278,2.0392863206995733,2.022768647288201,41
FBgn0000277,2.0282401418486256,5.755886939845439,41
FBgn0261925,2.0022541735124118,1.233704611735363,41
FBgn0054040,1.9499565657861868,5.165914910055258,41
FBgn0014396,1.9461556868158016,7.5548085934187394,41
FBgn0002565,1.9281258506822254,4.694191101044394,41
FBgn0260954,1.8842069306538523,2.605735389237147,41
FBgn0028537,1.8837234155029354,2.605624021361167,41
FBgn0035743,1.8814744011852966,2.74924224887467,41
FBgn0020906,1.869214932631694,4.23810009263547,41
FBgn0053532,1.8151190653323703,2.4094844200346976,41
FBgn0034329,1.7556737314917044,8.095876275884942,41
FBgn0038914,1.7146045709727873,4.162706340084567,41
FBgn0036738,1.6469304511649785,5.676609217526465,41
FBgn0038840,1.5978742233018928,6.0403877422533725,41
FBgn0039298,1.5958223444505841,7.565308492842139,41
FBgn0039768,1.548692344485061,4.342470175752647,41
FBgn0262007,1.5479145135047534,5.860409483871615,41
FBgn0262881,1.5403156125593978,3.52343982109179,41
FBgn0034318,1.5352185462575,4.246171092542206,41
FBgn0039091,1.474948748126003,2.752972242774168,41
FBgn0037724,1.4648734114398236,6.21768333628365,41
FBgn0037562,1.4527982054000093,2.5283601331788677,41
FBgn0010385,1.3927771124058181,4.9473643101224,41
FBgn0033792,1.352283453770968,4.47991773984491,41
FBgn0028519,1.3522781835287885,0.9165015829472996,41
FBgn0022700,1.3484877802644637,4.669824681715887,41
FBgn0052368,1.347171929058288,4.221450188880545,41
FBgn0010044,1.3264219158013062,3.5082499520977026,41
FBgn0002563,1.3238967983797987,5.5815395795996565,41
FBgn0262838,1.3059597403429868,4.198903435614197,41
FBgn0262357,1.3036642369660272,4.741177146877338,41
FBgn0053926,1.300772225903814,5.04491198715951,41
FBgn0035620,1.2817733167179493,3.8767218372982493,41
FBgn0052302,1.281096190769061,1.1045899662357825,41
FBgn0283461,1.264542569449792,9.124934754925066,41
FBgn0010038,1.2337454769330938,3.959232623185276,41
FBgn0051091,1.214498235155459,2.187646579030766,41
FBgn0036262,1.1979656153957445,8.867345805661863,41
FBgn0038702,1.1930909588570842,8.269380307502542,41
FBgn0052283,1.184039154074502,1.6369588461219402,41
FBgn0002939,1.182321760087438,4.448146850483692,41
FBgn0038719,1.1677059496533604,6.756719753316586,41
FBgn0033294,1.1512104138201131,6.008089449752976,41
FBgn0030929,1.1414634425632817,6.699395045562293,41
FBgn0034187,1.1195548591545612,1.3511177509662406,41
FBgn0051901,1.1046894870280437,6.92836708204961,41
FBgn0038838,1.1025481421286518,1.288969852757566,41
FBgn0036023,1.0993915871511235,2.3858156358526093,41
FBgn0038451,1.0993592362715419,3.900926720710905,41
FBgn0034511,1.0960921736243028,7.547604242777889,41
FBgn0033296,1.0633297366809897,8.434488461951359,41
FBgn0034160,1.038926059109707,3.008874824757576,41
FBgn0032835,1.0342710428618818,7.814136457766742,41
FBgn0036024,1.0326116270127261,5.271651635438747,41
FBgn0031034,1.0307753762565697,4.213217043735703,41
FBgn0033027,1.028523447286271,2.820810972403067,41
FBgn0000276,1.0070180844402898,6.382512203866465,41
FBgn0053468,0.9877300471461256,2.9839278638206483,41
FBgn0259973,0.9726981426568786,4.243830005277998,41
FBgn0036948,0.9644514087375194,2.518194046407105,41
FBgn0031055,0.9609736884558888,4.2101216636518775,41
FBgn0043578,0.9587138014590979,8.443315031995354,41
FBgn0039239,0.9580925913667263,1.8458303943180994,41
FBgn0053337,0.9540308852476189,1.433035232317753,41
FBgn0035619,0.9482621660037944,4.2201004873431796,41
FBgn0027584,0.9434568025341845,7.639583728635316,41
FBgn0040734,0.9379060001939716,6.0961596823344975,41
FBgn0051148,0.9322242234361496,4.946591503004611,41
FBgn0024289,0.9319074737244588,8.307705051455637,41
FBgn0040736,0.9287340777883488,8.574425848433462,41
FBgn0267515,0.916284974273179,7.1531502886519185,41
FBgn0085256,0.8966164525876902,5.010774009512826,41
FBgn0020506,0.8896458713935866,3.992115281081448,41
FBgn0067905,0.8845634716904331,6.956979834737786,41
FBgn0267514,0.8819966370816825,3.2131296744665314,41
FBgn0038718,0.8767953268672685,6.317733280341723,41
FBgn0039685,0.875579838253566,6.086170109492424,41
FBgn0025583,0.8695533437995678,8.712627975343127,41
FBgn0261575,0.8598189569789202,9.368915613215684,41
FBgn0033789,0.856043899117466,5.695603469696816,41
FBgn0261675,0.8495143915960673,4.772431996423917,41
FBgn0261989,0.8473844487389899,8.100039376410093,41
FBgn0010041,0.8449773354266187,5.430675434760484,41
FBgn0031277,0.8407066989809013,5.420606764709543,41
FBgn0085358,0.8385410026386106,4.862312235863923,41
FBgn0003068,0.8366289226565542,4.768317036152812,41
FBgn0038450,0.8270983895586271,7.196109845229243,41
FBgn0034247,0.8230141124678628,7.54659180972297,41
FBgn0032049,0.821374765826091,7.489449117165258,41
FBgn0034296,0.8210929960211754,7.535201586365635,41
FBgn0051087,0.8168168589540621,4.4358049717265375,41
FBgn0036320,0.8144771582122967,3.015812189715854,41
FBgn0039241,0.8088085952911314,7.008250623544823,41
FBgn0085753,0.8064453174469819,9.34938615265792,41
FBgn0267519,0.805921669304778,9.205384251270553,41
FBgn0041182,0.8047223290809118,9.034304534504036,41
FBgn0035476,0.8019644312909253,4.150217684573523,41
FBgn0002571,0.8011377102386007,5.757507380136507,41
FBgn0002570,0.7991150756200016,9.926221439447717,41
FBgn0037906,0.7972518984315886,5.86881013372476,41
FBgn0039873,0.7971281499416445,6.991000207916804,41
FBgn0000053,0.789359545460205,7.183111036029068,41
FBgn0051089,0.7861005937594542,1.4641947330561547,41
FBgn0003358,0.7831010794476398,6.402408450464876,41
FBgn0031470,0.7827131762745255,1.4141052551986018,41
FBgn0040653,0.7825498638267039,9.090302521263954,41
FBgn0034741,0.7821349356642664,5.066041041454454,41
FBgn0030148,0.7798419979815325,3.7308418334920685,41
FBgn0050090,0.7785682518274563,3.0976379203935704,41
FBgn0016076,0.7773387147567202,6.6272017783479304,41
FBgn0028841,0.772709751699845,3.015008239815352,41
FBgn0283427,0.7607794544773626,10.504393402170036,41
FBgn0262366,0.7583893140277208,2.954536201338866,41
FBgn0033733,0.7484531145647855,7.172865224813827,41
FBgn0032067,0.7476175456163526,1.0572452624892905,41
FBgn0033297,0.7468560170715179,8.006231160442404,41
FBgn0261567,0.7440792220052168,0.5332708670496479,41
FBgn0267513,0.7431263693900654,1.1188818142274979,41
FBgn0038257,0.7400799128118404,8.557044983241978,41
FBgn0031389,0.7361714120268561,3.2734810583287843,41
FBgn0034663,0.7342107357959086,8.255836561743333,41
FBgn0052107,0.7312158922295742,2.7394045872146213,41
FBgn0038449,0.7248199169646709,5.550292344579455,41
FBgn0041183,0.7245982006492844,1.0895487413377258,41
FBgn0031033,0.7237862454482215,3.2315166241069373,41
FBgn0038733,0.7229361358564621,5.560094387359171,41
FBgn0035355,0.7221566391629108,4.574274347211559,41
FBgn0039769,0.717475121798214,5.05709180451128,41
FBgn0015570,0.713010332826981,4.021080685404,41
FBgn0034647,0.7095983287308281,5.021518405939621,41
FBgn0020385,0.7087060861539223,7.894864684062792,41
FBgn0035176,0.7077693800335638,5.626281467457053,41
FBgn0039759,0.7076172355524604,3.17785757297874,41
FBgn0030098,0.7054279907885227,5.795722538073962,41
FBgn0050091,0.7028355744274775,1.146884885904338,41
FBgn0014859,0.6986148629198489,3.6346696193239905,41
FBgn0043791,0.6980649428692632,2.5650893240597252,41
FBgn0034664,0.6777847419115628,6.514266852929104,41
FBgn0038160,0.6683591600314546,2.6337353346176795,41
FBgn0085813,0.6677515921218643,10.197929500169217,41
FBgn0000406,0.6662517731007203,8.802046032162098,41
FBgn0032639,0.6633043450262173,1.9278559807543314,41
FBgn0037635,0.662470338758548,3.8632333642966254,41
FBgn0263080,0.6618267214765241,3.53299787925714,41
FBgn0010040,0.658107491820243,1.3113127003501432,41
FBgn0052284,0.6538479498182482,2.4799604633710137,41
FBgn0035356,0.6524930458061056,5.688676114466269,41
FBgn0026755,0.6523477355067334,3.8823095478012566,41
FBgn0053470,0.6398891034010914,10.095984430170375,41
FBgn0283462,0.6398812528058911,10.095987403314606,41
FBgn0262146,0.6384038092897838,4.5039212354035065,41
FBgn0010042,0.6301213674499644,2.04616321301475,41
FBgn0040735,0.6299395193913581,6.77988521385866,41
FBgn0038095,0.6276420326049479,1.3026115425683167,41
FBgn0051041,0.6269388739236201,1.7664887333295556,41
FBgn0005660,0.6267995588438794,3.2199006561218346,41
FBgn0032381,0.6244280248848026,5.276191788009023,41
FBgn0032002,0.621945183448246,3.642179504374813,41
FBgn0004426,0.6212756932285971,2.9547242315806086,41
FBgn0038292,0.6211127196759818,4.8686840613633064,41
FBgn0031432,0.6210080373160364,5.5964840381646095,41
FBgn0053306,0.6204177373935555,4.740766977786091,41
FBgn0040609,0.6195347671889972,4.537026387081974,41
FBgn0037684,0.619047692573784,6.219241717072194,41
FBgn0040251,0.6183735583810476,1.9266390813926177,41
FBgn0040099,0.614192086676195,6.218247882411798,41
FBgn0053117,0.6112105957087496,0.45708822640899793,41
FBgn0267520,0.611193186440708,7.380770099200698,41
FBgn0267508,0.6064338336261987,7.892428746910442,41
FBgn0037386,0.6015465816456291,5.430360634783887,41
FBgn0039474,0.5982255081405924,5.377550999088007,41
FBgn0267511,0.5981011518475149,10.440434946921417,41
FBgn0085771,0.59702127863511,9.5213079595768,41
FBgn0259237,0.5933420134887128,3.940126591100782,41
FBgn0085819,0.5931717308926452,9.12939785960436,41
FBgn0028532,0.5923533705692903,4.249841703168981,41
FBgn0053301,0.5922732119012578,4.294692426182432,41
FBgn0032387,0.591971513171883,4.340624604831077,41
FBgn0015316,0.5906070352424421,3.2809858563965144,41
FBgn0030925,0.5880299445848028,4.137772120270048,41
FBgn0036876,0.5866437274431462,6.0003795089499175,41
FBgn0033659,0.585292846892538,4.0560672993843,41
FBgn0046689,0.583601028768858,3.1278900828883844,41
FBgn0038701,0.5818526073804945,7.326935613417959,41
FBgn0027578,0.5816547646029343,6.354127941715801,41
FBgn0053509,0.5810858586276135,2.851568729045761,41
FBgn0050360,0.5800983085173895,8.628168030232596,41
FBgn0023495,0.5767307758989239,0.9343126229269765,41
FBgn0039452,0.5746353455923828,6.714098543639476,41
FBgn0031929,0.5744088846671919,4.7552327865974355,41
FBgn0036767,0.5740403230607792,3.740607982503513,41
FBgn0038290,0.5736010245349894,2.710022835369268,41
FBgn0031925,0.5686426288121273,5.233744287426311,41
FBgn0033234,0.5678968093479021,5.0326621586682405,41
FBgn0039299,0.5644957392010486,3.4416591575433353,41
FBgn0265922,0.5641253725164684,1.5955536014141696,41
FBgn0270926,0.5638405896977734,5.026530032105753,41
FBgn0259229,0.563377360445226,2.1930518045981477,41
FBgn0261853,0.5626961980240133,8.072406020097649,41
FBgn0050042,0.5622003883781739,4.2646072615999735,41
FBgn0019928,0.5610066387360325,4.7294241649118725,41
FBgn0262150,0.5603930382851132,4.2018745740331305,41
FBgn0000964,0.556886568249014,2.192275744731266,41
FBgn0028533,0.5556277883978894,8.176260176062863,41
FBgn0029990,0.5532735528433682,10.762986990149601,41
FBgn0036419,0.5530263371714204,4.857577254170125,41
FBgn0039472,0.551690543379846,3.802079522139064,41
FBgn0035806,0.5501514584462661,5.722351197877789,41
FBgn0051354,0.5493350188321184,5.054328824153264,41
FBgn0013278,0.546690688810499,5.055505217100115,41
FBgn0002569,0.5417295348157363,6.409838749658852,41
FBgn0013279,0.5366040986716285,5.047259257375068,41
FBgn0262721,0.5358609620809546,2.586457708736096,41
FBgn0031418,0.5345386992963307,8.218789828798881,41
FBgn0037801,0.5345027995217058,3.908080597023648,41
FBgn0013277,0.53426676252519,4.97692001382867,41
FBgn0031032,0.5339240379930428,0.7957136723715504,41
FBgn0041194,0.5333779824165571,7.197754732427358,41
FBgn0031562,0.5272357422471589,5.8106199217267065,41
FBgn0040349,0.5261876588494573,7.427114019495834,41
FBgn0032283,0.5231546122092043,4.249484480746841,41
FBgn0036587,0.5228315797166713,3.338198779982679,41
FBgn0032285,0.5221552773164817,10.008976325314553,41
FBgn0038098,0.5176888835881011,5.127461822183696,41
FBgn0032087,0.517506650768411,6.050426857795311,41
FBgn0034394,0.5169836986832451,7.79319654771594,41
FBgn0052279,0.5144819398052762,0.9411801091055947,41
FBgn0038299,0.5123760350898066,5.70100718870353,41
FBgn0033153,0.5091085334235859,4.942670562375361,41
FBgn0033723,0.5066632259864233,2.146263465288828,41
FBgn0033774,0.5043825218429532,8.36609836413207,41
FBgn0005664,0.5038410198444919,4.169778618198655,41
FBgn0037973,0.5009541332627545,6.3859382362833434,41
FBgn0014018,0.49861378046251037,7.570450321876063,41
FBgn0039475,0.49633251504703635,4.9899490409872636,41
FBgn0034289,0.4962218636238994,7.156417817985453,41
FBgn0035445,0.49616515287158985,2.58818410855658,41
FBgn0025680,0.48970006540152333,6.9485136499204225,41
FBgn0031490,0.48585095608364914,3.5060907703222806,41
FBgn0037697,0.4857094071379112,4.727579418102854,41
FBgn0052751,0.48547530919791376,1.6590569356044238,41
FBgn0083936,0.48539323980088733,9.059530169915714,41
FBgn0032669,0.4820197999343665,7.182557663474716,41
FBgn0035978,0.48097140823627854,8.976464788916811,41
FBgn0031373,0.48068251156031055,4.083669385536497,41
FBgn0035412,0.47871297519728245,1.22968392074986,41
FBgn0053511,0.4779785987896609,3.1483404525489322,41
FBgn0261504,0.4774585909929108,5.025238377000589,41
FBgn0000003,0.47640202596646636,5.024664308685666,41
FBgn0035666,0.4761319438260971,5.870405464942681,41
FBgn0040001,0.47599578919766533,7.915461136215825,41
FBgn0259896,0.4738727312098933,3.479331176476474,41
FBgn0043783,0.4734339816975611,9.235756415359738,41
FBgn0050160,0.47308220881953283,6.5470110421100625,41
FBgn0042086,0.4730754174945866,6.547233520646747,41
FBgn0043576,0.4729098086690763,2.737557126782261,41
FBgn0035189,0.47278481011780293,7.103082195989608,41
FBgn0051463,0.47253866864603034,2.6029352435066335,41
FBgn0039613,0.47142221006290885,3.0853258630446057,41
FBgn0039611,0.4707377544542585,5.315543517506515,41
FBgn0001089,0.4697359161120085,4.298572856094162,41
FBgn0260746,0.4695773244133893,5.5667917797381685,41
FBgn0263336,0.4679526285452673,5.0287867664472925,41
FBgn0038865,0.4664027808644156,5.76084615635209,41
FBgn0033366,0.4600561027676274,5.383106040549896,41
FBgn0029932,0.457895058678025,6.684281346948712,41
FBgn0085227,0.45728966756144385,3.7921981549815573,41
FBgn0033593,0.45685477594183804,5.82891112363901,41
FBgn0033327,0.4562496938026901,2.884451927077116,41
FBgn0000052,0.4545261113833553,6.681339260965761,41
FBgn0033439,0.45423109272522516,3.6096881243203245,41
FBgn0040582,0.4541360243036115,7.86035962723358,41
FBgn0261930,0.45355288336082145,3.224049206822568,41
FBgn0033936,0.4532302712957955,4.302478508388663,41
FBgn0041105,0.4509465790051004,1.9289228329493038,41
FBgn0038214,0.45091153217003155,2.48069714518577,41
FBgn0031560,0.45036370096009276,7.01111951630244,41
FBgn0038717,0.4498850091950417,3.9133133157593694,41
FBgn0014031,0.44974551405376173,6.721455685106031,41
FBgn0035667,0.44971684768693276,5.1157316134705075,41
FBgn0032839,0.44661244586746945,3.814955759486475,41
FBgn0013276,0.44608093250084274,5.601408880511016,41
FBgn0013275,0.44548900318474144,5.6023506847529685,41
FBgn0039073,0.4454583733987543,3.218955440004678,41
FBgn0053542,0.4437974455591635,1.441583085478217,41
FBgn0036363,0.44317221146356145,0.7728814516898341,41
FBgn0036992,0.4422677122975992,7.601768027513791,41
FBgn0032266,0.44113293265598086,3.878851150934485,41
FBgn0040211,0.4408361369813526,5.20757164578923,41
FBgn0051104,0.4400375057160928,6.305479026585003,41
FBgn0029172,0.43916879984488,0.2857525924260418,41
FBgn0083970,0.43886891990719745,4.110678803547009,41
FBgn0035360,0.43781654721222657,4.984627881840119,41
FBgn0033216,0.43759760001231357,1.9046340989357453,41
FBgn0039342,0.43691086541103613,8.249898132860691,41
FBgn0034382,0.43691030937793307,6.966987217470381,41
FBgn0051004,0.4352332024157615,7.008436886834165,41
FBgn0063492,0.43516472003911827,4.6543406667487695,41
FBgn0039325,0.43330335469888837,6.685762472639417,41
FBgn0031689,0.43308161515423854,7.01252232220267,41
FBgn0039324,0.4330766357810175,7.017403948319161,41
FBgn0010222,0.43016585597081514,5.44883799398292,41
FBgn0053192,0.429046389130196,3.8001932703076995,41
FBgn0028920,0.42878142051652113,8.53801483512911,41
FBgn0029828,0.4271717576983865,6.457656318198528,41
FBgn0030911,0.42645416011895493,0.615281993089685,41
FBgn0039593,0.42308828631015283,2.8427911293135866,41
FBgn0087002,0.4222176846373049,11.076928556010774,41
FBgn0054054,0.42049666263979024,3.805852338680526,41
FBgn0028855,0.419120270064289,1.817887266759332,41
FBgn0032076,0.4188875076939992,7.123742158639887,41
FBgn0034887,0.4144939617095547,4.719538076022818,41
FBgn0053346,0.4139099869283469,5.9906790973300605,41
FBgn0039316,0.4137038830676635,4.867361647091326,41
FBgn0039476,0.41353155792137936,3.0976014330151616,41
FBgn0003719,0.4116945798264563,2.3277522176742633,41
FBgn0263090,0.4113744960191818,4.7620577355095,41
FBgn0042105,0.40995709224961824,3.7825647799709454,41
FBgn0035977,0.409840416323518,3.342228957063212,41
FBgn0005670,0.4087190302213136,3.5438390867235587,41
FBgn0033927,0.4064705724528924,9.051366811292365,41
FBgn0039471,0.4049828422436984,7.661683702535457,41
FBgn0032253,0.40475181271880006,4.310169941314617,41
FBgn0051664,0.40326667946507777,3.1555182436339315,41
FBgn0030326,0.40235008977286285,2.0447004466160426,41
FBgn0040096,0.4008260147246495,1.8733307756529918,41
FBgn0037782,0.3980417040164389,3.8611111484607266,41
FBgn0050026,0.39691180545209065,5.645466997085311,41
FBgn0026721,0.39617355488348893,6.3786410693832485,41
FBgn0027579,0.39606673556594135,7.65481577246221,41
FBgn0035300,0.39493272238676164,4.572399847285051,41
FBgn0267755,0.3929394271377312,2.489842234025192,41
FBgn0041184,0.39263723870341216,5.3106138557263485,41
FBgn0032726,0.39213832027858975,6.338843226898531,41
FBgn0038082,0.3914733793089168,3.4513014084941016,41
FBgn0031471,0.3913092358752591,0.8332207142499315,41
FBgn0023197,0.3908298582695607,7.936774120871732,41
FBgn0036831,0.39053007952693847,3.042013494943604,41
FBgn0033926,0.38954379246412507,10.061843640913818,41
FBgn0259140,0.38734352857319887,3.047984674970866,41
FBgn0036951,0.38607495776704165,1.0438292714731348,41
FBgn0085265,0.3858277781684144,2.5024192841351587,41
FBgn0033301,0.3855967636307628,4.941632013744755,41
FBgn0012034,0.38363621286628485,9.37206317206729,41
FBgn0031317,0.38231314160604823,4.364515664179987,41
FBgn0034429,0.3815768084121054,1.488862560719652,41
FBgn0029765,0.3810296823877519,5.7439705057085,41
FBgn0085195,0.3808524723569695,8.541396162643577,41
FBgn0028514,0.37918111306548696,1.3054482254891109,41
FBgn0038236,0.3769510175251242,6.861060774364155,41
FBgn0016694,0.37643316669568916,7.922973643638238,41
FBgn0010052,0.37538219275668255,2.5520132350352775,41
FBgn0035734,0.3748015322197159,5.295149424222607,41
FBgn0034331,0.37473798686033005,8.558606720048948,41
FBgn0264775,0.3747312467261719,2.420572569529549,41
FBgn0033271,0.3735515290363572,6.56920893317786,41
FBgn0030981,0.3730004874229912,3.8733534866452186,41
FBgn0053965,0.3729713758275272,2.877330741539568,41
FBgn0259711,0.37267897166555686,3.8548594147305835,41
FBgn0031973,0.3718467911185971,4.962299588007823,41
FBgn0031942,0.371622157362684,2.626637545933506,41
FBgn0033788,0.3715879325297795,7.943671479546532,41
FBgn0029823,0.3708729616010705,7.4405055214054245,41
FBgn0085520,0.37057356825014404,3.844670070269627,41
FBgn0040729,0.37006743393887825,3.074458140961379,41
FBgn0283480,0.3683241218605169,6.7345553843728805,41
FBgn0037974,0.3678800874922773,6.063412762245097,41
FBgn0083972,0.3664136793345345,3.8304687359156344,41
FBgn0061356,0.3658192660273899,5.883279475949223,41
FBgn0265186,0.363738748347361,3.882715441310805,41
FBgn0039817,0.3636263029608454,4.361686755409068,41
FBgn0034294,0.3625065696149508,3.1099786295163647,41
FBgn0035076,0.36195092093118386,5.55473698543909,41
FBgn0032282,0.3618482731449702,3.126751300250958,41
FBgn0039203,0.36153765581004327,6.887088079787601,41
FBgn0264987,0.36048948025329974,1.3959960398607953,41
FBgn0037870,0.36045430245617976,2.268788894030085,41
FBgn0261632,0.360110580649026,1.2911609446555734,41
FBgn0013680,0.3574156155487703,6.191584301653439,41
FBgn0053533,0.35730389667008283,5.6527414082501695,41
FBgn0037387,0.35445981159754114,8.260485987915514,41
FBgn0032382,0.3544108638378375,7.306079638644452,41
FBgn0003961,0.35346749557415813,7.441612812011798,41
FBgn0029766,0.3534534574313269,7.184497393435003,41
FBgn0004414,0.3531302971664063,8.122035331473828,41
FBgn0036449,0.35252976599264063,6.571191528204288,41
FBgn0036780,0.3522296770015384,2.9029098004030116,41
FBgn0038973,0.3517838516110504,6.285298633332124,41
FBgn0031412,0.3501480952457305,1.4730923009939423,41
FBgn0035968,0.34794213045115563,5.767893695354154,41
FBgn0033978,0.3465081982103041,6.3663048970658975,41
FBgn0259817,0.34390487506300843,0.7202318735840192,41
FBgn0030331,0.342547122925873,2.897758606988189,41
FBgn0066365,0.34235195000626206,1.6133378151804685,41
FBgn0054026,0.34074521025041254,5.681559155835513,41
FBgn0259682,0.3402261034748252,7.075622633623689,41
FBgn0033246,0.3397674634695079,9.404664673802317,41
FBgn0031940,0.33865751652309367,2.7614452362695747,41
FBgn0034480,0.33812504343070376,5.994909186870676,41
FBgn0267607,0.3374038808142923,1.4120966761497178,41
FBgn0034276,0.33648346598286294,4.187280421896808,41
FBgn0034117,0.3347450206468839,6.316382530348425,41
FBgn0035673,0.3336800664810555,5.625148731758424,41
FBgn0034885,0.33351064918582524,7.733890395891887,41
FBgn0043471,0.33287639712602746,5.522683128854345,41
FBgn0029831,0.3318303581242207,6.399950781908768,41
FBgn0001114,0.33177435097987307,8.047772681007316,41
FBgn0031461,0.33164286845795515,5.049335790734197,41
FBgn0063493,0.33126488868658377,5.352092384569718,41
FBgn0033203,0.3301224353101921,2.1000715527836364,41
FBgn0030993,0.32999595798151715,4.85933810390083,41
FBgn0053503,0.3298738857094897,6.1672824764208745,41
FBgn0034784,0.3296451303383949,0.915733952749582,41
FBgn0039323,0.3293729070173401,3.021953727191083,41
FBgn0040775,0.3291227531183964,4.966633615040204,41
FBgn0020509,0.32836508648710183,8.11114419905121,41
FBgn0050489,0.3279097501343758,6.407974007755071,41
FBgn0036833,0.3273697435551517,5.627788636313236,41
FBgn0052072,0.32715139801966076,5.543450129473997,41
FBgn0034010,0.3263913739450267,2.4407924762230353,41
FBgn0030928,0.3260306089158704,2.1163544197171222,41
FBgn0036619,0.3260096823971363,2.4022474126319584,41
FBgn0038463,0.32518810061959424,5.610770557441468,41
FBgn0039313,0.32494923235810136,8.258823794462678,41
FBgn0038790,0.32432020733233713,6.58897072002776,41
FBgn0020908,0.32321516265103295,9.305453467895346,41
FBgn0028534,0.3228100437957653,7.621136568953436,41
FBgn0052054,0.3224379104150271,3.707248768550551,41
FBgn0038172,0.3214578737888748,5.648853888441366,41
FBgn0027657,0.32044735632600274,7.3346577022438595,41
FBgn0036208,0.3202353649605122,3.9485383695602634,41
FBgn0263199,0.31991084879006143,7.760276364253835,41
FBgn0002719,0.3195609352000025,9.949085496684601,41
FBgn0015586,0.31947474456437774,7.8945233954533744,41
FBgn0020513,0.31943458175716993,8.429690004128933,41
FBgn0033820,0.3188880391239871,9.945366273080817,41
FBgn0035929,0.3188086244001736,3.2608291732020045,41
FBgn0016075,0.31847912359234554,6.05173007462029,41
FBgn0261805,0.3178188183474627,2.0980427577031273,41
FBgn0034761,0.3166242457556687,5.482378338538406,41
FBgn0035679,0.3165604642773035,6.056053386585233,41
FBgn0038135,0.3163194312239275,5.028477836802382,41
FBgn0030607,0.31602443138813463,4.878501475683636,41
FBgn0031860,0.31566747931719924,5.282190897464155,41
FBgn0039319,0.3152538888689774,4.118591725441819,41
FBgn0030001,0.3143003878377268,1.465392382241903,41
FBgn0033453,0.31352478782014775,4.211586473931271,41
FBgn0013683,0.31174062843987993,3.5733899156560556,41
FBgn0053510,0.3109936506484056,1.8473056142850959,41
FBgn0034618,0.31020628369347303,5.70244500039998,41
FBgn0028945,0.31009896225197586,2.0865187677740873,41
FBgn0036030,0.30917103071844615,7.52300501527134,41
FBgn0051106,0.3089897730906756,5.753034666464085,41
FBgn0263081,0.3068829798975475,5.263100033856392,41
FBgn0031428,0.3059078266247964,5.2786711325131925,41
FBgn0034295,0.3053712225331396,9.428245615210514,41
FBgn0051778,0.3046563691398701,4.20900199307656,41
FBgn0261859,0.30423646934125276,6.115054536223691,41
FBgn0039151,0.30422095036348257,6.649484166752314,41
FBgn0052447,0.30410116722321007,2.1030206955979183,41
FBgn0032281,0.3040084556935505,3.179944802060288,41
FBgn0035886,0.30353743834177593,0.676054031319564,41
FBgn0028646,0.3035178678813523,7.510940797702443,41
FBgn0032144,0.3034591158261994,7.692523280074945,41
FBgn0030157,0.3028971492522219,6.093425674019457,41
FBgn0259164,0.3023184897573884,3.021037700199877,41
